<?xml version="1.0" encoding="UTF-8" ?>
<document>
<!--The data in this file is primarily intended for consumption by Xilinx tools.
The structure and the elements are likely to change over the next few releases.
This means code written to parse this file will need to be revisited each subsequent release.-->
<application name="pn" timeStamp="Wed Oct 26 23:45:50 2016">
<section name="Project Information" visible="false">
<property name="ProjectID" value="E3D59B96DB1B4ECF8F8F4CE3C2C86AB7" type="project"/>
<property name="ProjectIteration" value="1" type="project"/>
<property name="ProjectFile" value="D:/Charlie Coleman/School 2017/ECE 2205/DigitalLabs/Lab8/Lab8.xise" type="project"/>
<property name="ProjectCreationTimestamp" value="2016-10-26T21:33:55" type="project"/>
</section>
<section name="Project Statistics" visible="true">
<property name="PROP_Enable_Message_Filtering" value="false" type="design"/>
<property name="PROP_FitterReportFormat" value="HTML" type="process"/>
<property name="PROP_LastAppliedGoal" value="Balanced" type="design"/>
<property name="PROP_LastAppliedStrategy" value="Xilinx Default (unlocked)" type="design"/>
<property name="PROP_ManualCompileOrderImp" value="false" type="design"/>
<property name="PROP_PropSpecInProjFile" value="Store all values" type="design"/>
<property name="PROP_SelectedInstanceHierarchicalPath" value="/EdgeTriggeredDFlipFlop" type="process"/>
<property name="PROP_Simulator" value="Modelsim-SE VHDL" type="design"/>
<property name="PROP_SynthTopFile" value="changed" type="process"/>
<property name="PROP_ToolPathModelSim" value="D:\Xilinx\ModelSim\win32pe_edu\modelsim.exe" type="process"/>
<property name="PROP_Top_Level_Module_Type" value="HDL" type="design"/>
<property name="PROP_UseSmartGuide" value="false" type="design"/>
<property name="PROP_UserConstraintEditorPreference" value="Text Editor" type="process"/>
<property name="PROP_intProjectCreationTimestamp" value="2016-10-26T21:33:55" type="design"/>
<property name="PROP_intWbtProjectID" value="E3D59B96DB1B4ECF8F8F4CE3C2C86AB7" type="design"/>
<property name="PROP_intWbtProjectIteration" value="1" type="process"/>
<property name="PROP_intWorkingDirLocWRTProjDir" value="Same" type="design"/>
<property name="PROP_intWorkingDirUsed" value="No" type="design"/>
<property name="PROP_selectedSimRootSourceNode_behav" value="work.EdgeTriggeredDFlipFlop" type="process"/>
<property name="PROP_AutoTop" value="false" type="design"/>
<property name="PROP_DevFamily" value="Spartan3E" type="design"/>
<property name="PROP_DevDevice" value="xc3s500e" type="design"/>
<property name="PROP_DevFamilyPMName" value="spartan3e" type="design"/>
<property name="PROP_DevPackage" value="fg320" type="design"/>
<property name="PROP_Synthesis_Tool" value="XST (VHDL/Verilog)" type="design"/>
<property name="PROP_DevSpeed" value="-4" type="design"/>
<property name="PROP_PreferredLanguage" value="VHDL" type="design"/>
<property name="FILE_VHDL" value="4" type="source"/>
</section>
</application>
</document>
